<?xml version="1.0" encoding="utf-8"?>
<extension type="module" version="5.1.0" client="site" method="upgrade">
    <name>capcha</name>
    <author>John Doe</author>
    <version>1.0.0</version>
    <description>capcha module.</description>
    <files>
        <filename>mod_capcha.xml</filename>
        <filename module="mod_capcha">mod_capcha.php</filename>
        <filename>index.html</filename>
        <filename>helper.php</filename>
        <filename>tmpl/default.php</filename>
        <filename>tmpl/index.html</filename>
    </files>
    <config>
    </config>
</extension>